ID	PORTAL	ROUTE	SEVERITY	VIEWPORT	EXPECTED	ACTUAL	REPRO	SCREENSHOT	OWNER	BROWSER
UX-001	STUDIO	/studio/projects/{id}/design → rail Dữ liệu (also any view that lists mappings)	P1	1440 (all 7)	The Data rail renders for any server-valid document	Whole app replaced by the English Next error screen 'This page couldn't load / Reload / Back' (TypeError: Cannot read properties of undefined (reading 'length') — DataWizard.tsx:203 and Inspector.tsx:85 call f.transforms.length on a mapping stored WITHOUT transforms[]; the server accepts and stores such a mapping). Same crash on the RC 62ce969, NOT fixed in 5cc230e	PATCH …/schema ADD_MAPPING {id,queryRef,fields:[{from,to}]} (no transforms) as a workspace admin, open …/design, click rail 'Dữ liệu' (harness: ui-verify.mjs V10-crash-probe)	verify/probe-mapping-without-transforms.png; _pilot-pass1-fixture-mapping-without-transforms/studio/workspaceAdmin/builder_rail_D_li_u_/1440.png	C5	Google Chrome 154.0.8037.98
UX-002	STUDIO	/studio/projects/{id}/design	P2	430, 390, 360	Canvas usable under the toolbar; page tree and canvas do not overlap	4 rows / 189px of toolbars leave the canvas 166px high (18–20% of the viewport); the canvas strip overlaps the page tree (rows cut, ↑↓ under the preview). Section can still be selected (click works). C5 UI-21 OPEN — confirmed, not accepted silently	open the design view of any project at 390x844 (ui-verify V6-builder-390)	verify/builder-390.png, verify/builder-430.png	C5	Google Chrome 154.0.8037.98
UX-003	STUDIO	/studio/projects/{id}/design → rails Dữ liệu and Hành động (also Workflow)	P2	1440, 1024, 768	Rail content readable at desktop widths	Left rail is ~230px: the data-source card wraps one word per line ('Co/so/du/lieu/don/hang'), table columns (Kiểm tra / Tắt / Xóa / credential note) are crushed or clipped; action cards wrap word by word and chips overlap. Found by manual review (no detector flags it)	open design view, click rail 'Dữ liệu' with one data source, 1440x900	sheets/studio__workspaceAdmin__builder_rail_D_li_u_.png, sheets/studio__workspaceAdmin__builder_rail_H_nh_ng_.png	C5	Google Chrome 154.0.8037.98
UX-004	STUDIO	/studio/projects/{id}/members	P2	1440, 1280, 1024, 768, 430, 390, 360	axe serious = 0	axe label-content-name-mismatch (serious, 2 nodes per viewport): accessible name does not contain the visible label	axe-core 4.14 wcag2a/aa, 21a/aa, 22aa, best-practice on the route	studio/workspaceAdmin/studio_projects_id_members/1440.png; cases.json	C5	Google Chrome 154.0.8037.98
UX-005	PLATFORM	/platform/costs (also /platform/audit, /platform/users, /platform/components tables)	P2	430, 390, 360	axe serious = 0; a horizontally scrolling table region is keyboard-reachable	axe scrollable-region-focusable (serious, 9 nodes on costs); ui-verify V5: the scroll container of audit/users/components tables has no tabindex	open the route at 390 and Tab	platform/super/platform_costs/390.png	C5	Google Chrome 154.0.8037.98
UX-006	STUDIO	/studio/projects/{id}/ai|assets|members|publish|settings|site	P2	768	axe serious = 0	axe target-size (serious, 7 nodes): targets smaller than 24px	axe at 768	studio/workspaceAdmin/studio_projects_id_ai/768.png	C5	Google Chrome 154.0.8037.98
UX-007	STUDIO	/studio/projects/{id}/design → rail Thành phần	P2	1440, 1280	axe serious = 0	axe color-contrast (serious, 4 nodes)	click rail 'Thành phần' at 1440	studio/workspaceAdmin/builder_rail_Th_nh_ph_n_/1440.png	C5	Google Chrome 154.0.8037.98
UX-008	ALL	Studio design '+ Thêm trang vào menu…' select; Platform /platform/users and Admin /admin/people '+ Tạo tài khoản' dialogs; /platform/alerts, /platform/settings; Studio /studio/activity links, /projects/{id}/site; 'Đóng' icon	P2	768, 430, 390, 360	interactive targets ≥ 24px (WCAG 2.5.8)	selects 20–22px high, switches 22px, links 18–21px, icon button 18px	measure at 390 (ui-ux.mjs touch-target check; axe target-size at 768)	studio/workspaceAdmin/studio_projects_id_design/430.png; platform/super/platform_users/dialog__T_o_t_i_kho_n/390.png	C5	Google Chrome 154.0.8037.98
UX-009	ALL	mobile navigation drawer (Platform, Admin, Studio)	P3	768, 430, 390	focus moves into the drawer on open; the page behind is inert	Enter opens (aria-expanded true) but focus stays on the toggle and Tab leaves the drawer into the page behind the backdrop. Escape, backdrop and navigation close it and focus returns — verified	ui-verify V4; verify/studio-drawer-manual.txt	verify/menu-open-platform-390.png	C5	Google Chrome 154.0.8037.98
UX-010	PLATFORM	every /platform/* route	P3	430, 390	compact header	three header buttons wrap into 1–2 extra rows under the menu button (≈100px of header)	open /platform at 390	sheets/platform__super__platform_ai.png	C5	Google Chrome 154.0.8037.98
UX-011	PLATFORM	/platform/security, /platform/backups	P3	all	Vietnamese user-facing copy without internal names	KPI labels CRITICAL/HIGH/MEDIUM/LOW in English; Backups copy shows 'scripts/backup-daemon.sh' and the env var 'BACKUP_STATUS_DIRS' (C5 UI-19 removed such tokens only from coming-soon texts)	open the two routes	sheets/platform__super__platform_backups.png	C5	Google Chrome 154.0.8037.98
UX-012	ADMIN	/admin/company (members table)	P3	390, 360	row actions fully visible	the 'Gỡ' button is cut at the right edge of the card at 390	open /admin/company with 17+ members at 390	sheets/admin__tenantAdmin__admin_company.png	C5	Google Chrome 154.0.8037.98
UX-013	STUDIO	sidebar CTA 'Tạo ứng dụng'	P3	1440	active link marked aria-current	the CTA link is not marked aria-current when its page is open	ui-ux navigation check	-	C5	Google Chrome 154.0.8037.98
