id	area	description	expected	actual	result	class	owner	note	evidence
Z00	fixture	seed: A and B each own a type, 2 units, position, grade, employee with membership+position; the org-labelled member of A is HEAD (primary) of a root unit, MANAGER of another, holds the CEO position with the top grade	ready	labels ok=true	PASS	REAL_BACKEND_E2E			
Z01	401	unauth: unauthenticated (no session, valid CSRF cookie/token) on all 39 organization routes	401 everywhere	39/39 401; others 	PASS	REAL_BACKEND_E2E			
Z01b	401	unauth: unauthenticated WRITE without any session or CSRF token is refused (401 or 403, never a success)	401|403	403,403,403,403,403,403	PASS	REAL_BACKEND_E2E			
Z02	17-foreign	tenant path: tenant B's admin on tenant A's path (39 routes by A's real ids): 404 TENANT_NOT_FOUND, never 200/201/204	404 x all	39/39; bad: 	PASS	REAL_BACKEND_E2E			
Z03	17-foreign	no existence leak: the answer for A's (existing, foreign) tenant id is byte-identical in status/code/message to a NON-EXISTENT tenant id on every route	identical	39/39 identical	PASS	REAL_BACKEND_E2E			
Z04	17-foreign	ids of A under B's own path: B admin, B's own path, with A's real ids vs random ids (34 routes: types/units/positions/grades/employees/memberships/positions-held; all methods): 404 *_NOT_FOUND, identical status+code+message to the random-id twin (no existence leak), never 2xx	404 and identical	28/34 404; identical 34; non404: typesGET=200,unitsGET=200,unitsGET=200,positionsGET=200,gradesGET=200	FAIL	REAL_BACKEND_E2E			
Z05	17-foreign	cross references: a unit/type/position/grade/membership of A used as parent, type, rule target, membership or position target, or directory filter from B's tenant	404 (never 2xx); directory userId filter of a foreign user may be 200 with total 0	unit create with A's type=404 ORG_UNIT_TYPE_NOT_FOUND | unit create under A's unit as parent=404 ORG_UNIT_NOT_FOUND | B unit moved under A unit=404 ORG_UNIT_NOT_FOUND | type rule naming A's type=404 ORG_UNIT_TYPE_NOT_FOUND | employee create with A's unit=404 ORG_UNIT_NOT_FOUND | employee create with A's position=404 POSITION_NOT_FOUND | employee create with A's grade=404 GRADE_NOT_FOUND | membership of B employee on A's unit=404 ORG_UNIT_NOT_FOUND | position of B employee in A's membership=404 ORG_MEMBERSHIP_NOT_FOUND | position of A's catalogue in B's membership=404 POSITION_NOT_FOUND | A's employee under B's path=404 EMPLOYEE_NOT_FOUND | directory filter by A's unit=404 ORG_UNIT_NOT_FOUND | directory filter by A's position=404 POSITION_NOT_FOUND | directory filter by A's grade=404 GRADE_NOT_FOUND | directory userId=A's employee=200 total=0	PASS	REAL_BACKEND_E2E			
Z06	17-foreign	reverse: symmetry: A's admin with B's real ids on A's own path (34 routes): 404 *_NOT_FOUND only	404 x all	28/34	FAIL	REAL_BACKEND_E2E			
Z07	17-foreign	reverse tenant path: A's admin on B's tenant path (all routes, B's real ids): 404 TENANT_NOT_FOUND	404 x all	39/39	PASS	REAL_BACKEND_E2E			
Z08	17-foreign	platform admin: SYSTEM_ADMIN with platform scope (not a member of the tenant) is NOT given the company's organization data: organization / employee / position routes -> 403	403	403,403,403,403,403,403,403,403	PASS	REAL_BACKEND_E2E		if the legacy flag app.tenancy.system-admin-business-access were ON this would be 200; contract default is OFF	
Z09	19-tenantId	forged body tenantId: a tenantId in the BODY (unit, type, position, grade, employee create) is never read: the record is created in the PATH tenant A (answer tenantId = A) or refused; nothing appears in tenant B	tenantId = A or 4xx; B unchanged	unit create + body tenantId=B=201 tenantId=A | type create + body tenantId=B=201 tenantId=A | position create + tenantId=B=201 tenantId=A | grade create + tenantId=B=201 tenantId=A | employee create + tenantId=B=201 tenantId=A | B has: units 2(false) types false pos false gr false emp false	PASS	REAL_BACKEND_E2E			
Z10	19-tenantId	forged query + extra props: ?tenantId=B on the unit list still answers A's data; unknown/forged body properties (id, version, active=false, archivedAt, foo) on unit create do not set the server-owned fields	A's data; id/version/active/archivedAt server-owned	200 sameTenantRows=true | extra 201 v0 active=true archivedAt=null	PASS	REAL_BACKEND_E2E			
Z10	17/18-authz	workspace admin of A: workspace admin of A: all 39 organization routes (26 writes, 13 reads, all families)	403 FORBIDDEN on EVERY route (reads too: no capability at all)	39/39 403; others 	PASS	REAL_BACKEND_E2E			
Z11	17/18-authz	plain MEMBER of A (ws viewer): plain MEMBER of A (ws viewer): all 39 organization routes (26 writes, 13 reads, all families)	403 FORBIDDEN on EVERY route (reads too: no capability at all)	39/39 403; others 	PASS	REAL_BACKEND_E2E			
Z12	17/18-authz	org-labelled MEMBER of A (HEAD+primary of root, MANAGER, CEO, top grade): org-labelled MEMBER of A (HEAD+primary of root, MANAGER, CEO, top grade): all 39 organization routes (26 writes, 13 reads, all families)	403 FORBIDDEN on EVERY route (reads too: no capability at all)	39/39 403; others 	PASS	REAL_BACKEND_E2E			
Z13	18-authz	identical denial: the org-labelled member is refused EXACTLY like a plain member / workspace admin (status, code, message) on every route: the labels change nothing	identical	true	PASS	REAL_BACKEND_E2E			
Z14	18-authz	tenant admin routes: org-labelled member on the tenant-admin routes (list/get/rename/status/members/candidates/provision user/create workspace/grant TENANT_ADMIN to self/remove member): all refused, identical to the plain member	403 each (platform-only status/list 403)	GET /api/v1/admin/tenants=403 ; GET /api/v1/admin/tenants/{id}=200 ; PATCH /api/v1/admin/tenants/{id}=403 ; PATCH /api/v1/admin/tenants/{id}/status=403 ; GET /api/v1/admin/tenants/{id}/members=403 ; GET /api/v1/admin/tenants/{id}/member-ca=403 ; POST /api/v1/admin/tenants/{id}/users=403 ; POST /api/v1/admin/tenants/{id}/workspac=403 ; PUT /api/v1/admin/tenants/{id}/members/{=403 ; DELETE /api/v1/admin/tenants/{id}/member=403	FAIL	REAL_BACKEND_E2E		GET /admin/tenants/{A} requires TENANT membership only (a member may read its own company record): see actual	
Z15	18-authz	studio/app routes: org-labelled member vs plain VIEWER on studio routes (APP_EDIT / APP_PUBLISH / create project / members / audit / data sources): identical answers; every write 403; no read widened by the labels	identical; writes 403	GET /api/v1/workspaces/{id}/projec=200 ; POST /api/v1/workspaces/{id}/proje=403 ; GET /api/v1/workspaces/{id}/projec=404 ; PATCH /api/v1/workspaces/{id}/proj=400 ; POST /api/v1/workspaces/{id}/proje=404 ; DELETE /api/v1/workspaces/{id}/pro=404 ; GET /api/v1/workspaces/{id}/member=403 ; GET /api/v1/workspaces/{id}/audit-=403 ; GET /api/v1/workspaces/{id}/data-s=403 ; POST /api/v1/workspaces/{id}/data-=403	FAIL	REAL_BACKEND_E2E			
Z16	18-authz	/auth/me: /auth/me permission arrays (tenant + workspaces + projects) of the org-labelled member: NO ORG_* / EMPLOYEE_* / POSITION_GRADE_* code, set-equal to the plain member's; the workspace admin has none either; the Tenant Admin has exactly the six	none; equal; six for TA	labelled=[] plain=[] wsadmin=[] equalSets=true TA six=true | tenantRole(labelled)=MEMBER	PASS	REAL_BACKEND_E2E			
Z17	18-authz	ORG_MANAGE: the permission code ORG_MANAGE does not exist: no occurrence in backend/src/main; /auth/me and every 403/404 body of this run never mention it	no main occurrence; 0 in bodies	main/resources hits=0 (); test hits=0; bodies mention=false (442 bodies scanned)	PASS	REAL_BACKEND_E2E		test-source hits (if any) are assertions that the code is absent	
Z18	18-authz	capability split (static): STATIC source check (not a runtime proof): every GET route requires a *_VIEW capability and every POST/PATCH/DELETE a *_MANAGE capability (families: ORG_STRUCTURE / EMPLOYEE / POSITION_GRADE)	view<->GET, manage<->write	38 routes parsed; mismatches=0; families=ORG_STRUCTURE_VIEW,ORG_STRUCTURE_MANAGE,POSITION_GRADE_VIEW,POSITION_GRADE_MANAGE,EMPLOYEE_VIEW,EMPLOYEE_MANAGE	PASS	HARNESS		source-reading check; independent runtime proof is Z19	
Z19	18-authz	capability independence (runtime): ORG_STRUCTURE_VIEW vs _MANAGE, EMPLOYEE_VIEW vs _MANAGE, POSITION_GRADE_VIEW vs _MANAGE are independent	a principal holding exactly one of the six	no product route can create a principal holding a strict subset: every product role either holds all six (TENANT_ADMIN) or none (all other roles/labels); independence is covered only by backend tests (OrganizationAuthorizationTests / FinalPermissionSemanticsTests), not re-executable at the API	BLOCKED	REAL_BACKEND_E2E		BLOCKED_PRODUCT_MODEL: PermissionMatrix has no custom roles	
Z20	19-csrf	CSRF: every one of the 26 organization WRITE routes with a valid TA session: no X-XSRF-TOKEN -> 403; forged token -> 403	403 x 2 per route	missing 26/26; forged 26/26	PASS	REAL_BACKEND_E2E			
Z20b	19-csrf	CSRF: a GET needs no CSRF token (200 for the Tenant Admin)	200	200	PASS	REAL_BACKEND_E2E			
Z21	17-foreign	no side effect: after ALL denied/foreign/forged/CSRF-less calls: tenant B's data is byte-identical to the snapshot before (types, units, positions, grades, employees, memberships, assignments, versions); tenant A's seeded units keep their versions/parents	B identical; A seeds identical	B identical=true; A seeded units unchanged=true	PASS	REAL_BACKEND_E2E			
Z22	19-audit	audit: read-only-confirmation (SELECT count on audit_events by tenantId in payload): tenant B gained NO audit event during every denied attempt against it; tenant A gained only the events of the label-setup / forged-property creates that SUCCEEDED (records, not denials)	B +0	B 11->11; A 1916->1927	PASS	REAL_BACKEND_E2E		read-only-confirmation	
Z30	17-suspended	reads: SUSPENDED company: the organization READ routes stay 200 (read-only)	200 x reads	13/13	PASS	REAL_BACKEND_E2E			
Z31	17-suspended	writes: SUSPENDED company: all 26 org WRITE routes (types, units, move, archive, restore, positions, grades, employees create/enable/disable, memberships, held positions) -> 403 TENANT_SUSPENDED	403 TENANT_SUSPENDED x all	26/26; others 	PASS	REAL_BACKEND_E2E			
Z32	17-suspended	no status leak: a caller WITHOUT the capability learns nothing about the suspension (403 FORBIDDEN, not TENANT_SUSPENDED)	403 FORBIDDEN	403 FORBIDDEN	PASS	REAL_BACKEND_E2E			
Z33	17-suspended	/auth/me: observation: /auth/me of the Tenant Admin while the tenant is suspended lists no usable workspace permissions (documented: SUSPENDED -> NO permissions)	workspace permissions empty	org codes in me: [EMPLOYEE_MANAGE,EMPLOYEE_VIEW,ORG_STRUCTURE_MANAGE,ORG_STRUCTURE_VIEW,POSITION_GRADE_MANAGE,POSITION_GRADE_VIEW] total perms 8	PASS	REAL_BACKEND_E2E		informational	
Z34	17-suspended	resume: after the company is ACTIVE again the same write succeeds (201); tenant restored	201	true 201	PASS	REAL_BACKEND_E2E			
Z40	cleanup	disable: fixture employees (ws admin / member / org-labelled) disabled through the product route; the two tenant admins remain (a tenant admin cannot disable itself)	200 x3	200,200,200	PASS	REAL_BACKEND_E2E		tenants are left for the evidence; no SQL cleanup	
